date,store_id,article_id,opening_stock,received_qty,sold_qty,closing_stock
2024-03-04,S-001,ART-00072,152,0,26,126
2024-03-04,S-001,ART-00003,75,0,36,39
2024-03-04,S-001,ART-00051,34,0,30,4
2024-03-04,S-001,ART-00053,151,71,19,203
2024-03-04,S-001,ART-00081,98,48,10,136
2024-03-04,S-001,ART-00031,160,86,14,232
2024-03-04,S-001,ART-00085,84,25,23,86
2024-03-04,S-001,ART-00002,114,0,46,68
2024-03-04,S-001,ART-00064,47,46,20,73
2024-03-04,S-001,ART-00023,161,70,34,197
2024-03-04,S-001,ART-00050,160,0,0,160
2024-03-04,S-001,ART-00048,152,0,12,140
2024-03-04,S-001,ART-00015,199,56,10,245
2024-03-04,S-001,ART-00027,69,22,11,80
2024-03-04,S-001,ART-00035,190,0,14,176
2024-03-04,S-001,ART-00033,123,55,28,150
2024-03-04,S-001,ART-00021,175,0,29,146
2024-03-04,S-001,ART-00019,29,41,33,37
2024-03-04,S-001,ART-00043,111,0,24,87
2024-03-04,S-001,ART-00011,77,70,9,138
2024-03-04,S-001,ART-00047,83,40,13,110
2024-03-04,S-001,ART-00067,144,0,50,94
2024-03-04,S-001,ART-00100,154,80,31,203
2024-03-04,S-001,ART-00032,89,0,48,41
2024-03-04,S-001,ART-00086,30,56,22,64
2024-03-04,S-001,ART-00077,137,40,0,177
2024-03-04,S-001,ART-00046,174,0,14,160
2024-03-04,S-001,ART-00061,59,0,17,42
2024-03-04,S-001,ART-00057,117,84,40,161
2024-03-04,S-001,ART-00030,155,0,30,125
2024-03-04,S-001,ART-00094,155,0,5,150
2024-03-04,S-001,ART-00028,69,0,19,50
2024-03-04,S-001,ART-00007,31,0,13,18
2024-03-04,S-001,ART-00068,190,98,41,247
2024-03-04,S-001,ART-00097,155,0,41,114
2024-03-04,S-001,ART-00059,82,22,38,66
2024-03-04,S-001,ART-00014,172,0,19,153
2024-03-04,S-001,ART-00049,182,29,45,166
2024-03-04,S-001,ART-00052,100,0,29,71
2024-03-04,S-001,ART-00026,71,0,43,28
2024-03-04,S-001,ART-00022,30,0,10,20
2024-03-04,S-001,ART-00089,37,0,28,9
2024-03-04,S-001,ART-00037,98,33,9,122
2024-03-04,S-001,ART-00044,152,56,24,184
2024-03-04,S-001,ART-00095,82,0,37,45
2024-03-04,S-001,ART-00018,142,76,37,181
2024-03-04,S-001,ART-00073,169,63,47,185
2024-03-04,S-001,ART-00074,44,38,24,58
2024-03-04,S-001,ART-00062,117,0,47,70
2024-03-04,S-001,ART-00088,51,0,22,29
2024-03-04,S-001,ART-00034,45,0,21,24
2024-03-04,S-001,ART-00066,121,0,50,71
2024-03-04,S-001,ART-00016,65,0,45,20
2024-03-04,S-001,ART-00020,21,50,9,62
2024-03-04,S-001,ART-00055,20,51,31,40
2024-03-04,S-001,ART-00041,49,0,0,49
2024-03-04,S-002,ART-00025,63,0,33,30
2024-03-04,S-002,ART-00028,197,32,0,229
2024-03-04,S-002,ART-00036,88,0,28,60
2024-03-04,S-002,ART-00054,38,0,1,37
2024-03-04,S-002,ART-00020,75,94,43,126
2024-03-04,S-002,ART-00043,58,60,50,68
2024-03-04,S-002,ART-00063,54,92,20,126
2024-03-04,S-002,ART-00071,193,90,23,267
2024-03-04,S-002,ART-00034,25,0,3,22
2024-03-04,S-002,ART-00093,195,0,13,182
2024-03-04,S-002,ART-00058,197,0,48,149
2024-03-04,S-002,ART-00022,88,96,2,182
2024-03-04,S-002,ART-00085,90,0,12,78
2024-03-04,S-002,ART-00030,145,38,27,156
2024-03-04,S-002,ART-00037,93,0,27,66
2024-03-04,S-002,ART-00053,26,0,8,18
2024-03-04,S-002,ART-00015,120,0,5,109
2024-03-04,S-002,ART-00061,183,0,7,176
2024-03-04,S-002,ART-00096,16,0,5,11
2024-03-04,S-002,ART-00039,81,85,13,153
2024-03-04,S-002,ART-00055,173,0,29,144
2024-03-04,S-002,ART-00092,196,0,18,178
2024-03-04,S-002,ART-00087,92,0,44,48
2024-03-04,S-002,ART-00060,19,45,2,62
2024-03-04,S-002,ART-00100,193,73,24,242
2024-03-04,S-002,ART-00076,109,55,14,150
2024-03-04,S-002,ART-00098,86,92,29,149
2024-03-04,S-002,ART-00024,26,0,21,5
2024-03-04,S-002,ART-00095,170,33,40,163
2024-03-04,S-002,ART-00067,97,71,9,159
2024-03-04,S-002,ART-00075,137,0,27,110
2024-03-04,S-002,ART-00090,158,0,48,110
2024-03-04,S-002,ART-00074,153,0,39,114
2024-03-04,S-002,ART-00081,169,0,16,153
2024-03-04,S-002,ART-00064,52,0,23,29
2024-03-04,S-002,ART-00079,173,0,9,164
2024-03-04,S-002,ART-00007,15,0,0,15
2024-03-04,S-002,ART-00078,82,0,27,55
2024-03-04,S-002,ART-00094,85,0,47,38
2024-03-04,S-002,ART-00010,91,0,4,87
2024-03-04,S-002,ART-00084,23,30,27,26
2024-03-04,S-002,ART-00044,55,0,35,20
2024-03-04,S-002,ART-00073,169,0,29,140
2024-03-04,S-002,ART-00046,10,0,3,7
2024-03-04,S-002,ART-00051,101,0,43,58
2024-03-04,S-002,ART-00097,117,95,34,178
2024-03-04,S-002,ART-00086,119,0,31,88
2024-03-04,S-002,ART-00035,172,0,11,161
2024-03-04,S-002,ART-00014,130,0,4,126
2024-03-04,S-002,ART-00057,175,35,4,206
2024-03-04,S-002,ART-00082,54,0,20,34
2024-03-04,S-002,ART-00052,100,0,14,86
2024-03-04,S-002,ART-00041,192,100,48,244
2024-03-04,S-002,ART-00012,199,0,18,181
2024-03-04,S-002,ART-00049,43,0,7,36
2024-03-04,S-002,ART-00033,110,43,38,115
2024-03-04,S-002,ART-00099,146,36,42,140
2024-03-04,S-002,ART-00016,145,0,25,120
2024-03-04,S-002,ART-00068,53,0,19,34
2024-03-04,S-002,ART-00069,29,94,39,84
2024-03-04,S-002,ART-00047,32,0,28,4
2024-03-04,S-002,ART-00005,83,0,39,44
2024-03-04,S-002,ART-00088,96,0,45,51
2024-03-04,S-002,ART-00040,146,74,30,190
2024-03-04,S-002,ART-00019,157,44,37,164
2024-03-04,S-002,ART-00045,181,0,36,145
2024-03-04,S-002,ART-00050,40,0,37,3
2024-03-04,S-002,ART-00070,71,98,17,152
2024-03-04,S-002,ART-00006,84,0,23,61
2024-03-04,S-002,ART-00004,160,0,18,142
2024-03-04,S-002,ART-00026,103,0,11,92
2024-03-04,S-002,ART-00042,13,54,16,51
2024-03-04,S-002,ART-00059,60,49,23,86
2024-03-04,S-002,ART-00009,28,0,8,20
2024-03-04,S-002,ART-00062,23,97,47,73
2024-03-04,S-002,ART-00072,130,0,22,108
2024-03-04,S-002,ART-00002,82,32,20,94
2024-03-04,S-002,ART-00027,110,0,27,83
2024-03-04,S-002,ART-00008,92,73,7,158
2024-03-04,S-003,ART-00037,88,0,44,44
2024-03-04,S-003,ART-00041,199,36,19,216
2024-03-04,S-003,ART-00040,105,50,9,146
2024-03-04,S-003,ART-00053,24,0,15,9
2024-03-04,S-003,ART-00077,123,74,7,190
2024-03-04,S-003,ART-00054,85,0,44,41
2024-03-04,S-003,ART-00069,97,36,49,84
2024-03-04,S-003,ART-00025,12,54,3,63
2024-03-04,S-003,ART-00007,163,0,2,161
2024-03-04,S-003,ART-00008,103,0,27,76
2024-03-04,S-003,ART-00017,122,0,25,97
2024-03-04,S-003,ART-00072,81,0,29,52
2024-03-04,S-003,ART-00043,78,0,4,74
2024-03-04,S-003,ART-00096,41,0,15,26
2024-03-04,S-003,ART-00046,21,0,21,0
2024-03-04,S-003,ART-00086,180,0,16,164
2024-03-04,S-003,ART-00089,181,0,38,143
2024-03-04,S-003,ART-00076,115,0,0,115
2024-03-04,S-003,ART-00094,93,64,19,138
2024-03-04,S-003,ART-00038,66,0,34,32
2024-03-04,S-003,ART-00074,182,0,25,157
2024-03-04,S-003,ART-00055,85,26,15,96
2024-03-04,S-003,ART-00001,88,0,34,54
2024-03-04,S-003,ART-00022,82,0,38,44
2024-03-04,S-003,ART-00004,132,0,2,130
2024-03-04,S-003,ART-00012,20,84,7,97
2024-03-04,S-003,ART-00034,88,0,13,75
2024-03-04,S-003,ART-00032,39,0,39,0
2024-03-04,S-003,ART-00014,162,63,15,210
2024-03-04,S-003,ART-00015,108,0,11,97
2024-03-04,S-003,ART-00056,51,60,0,111
2024-03-04,S-003,ART-00088,116,0,36,80
2024-03-04,S-003,ART-00019,22,0,10,12
2024-03-04,S-003,ART-00061,139,0,42,97
2024-03-04,S-003,ART-00098,127,0,49,78
2024-03-04,S-003,ART-00031,77,78,14,141
2024-03-04,S-003,ART-00035,199,59,30,228
2024-03-04,S-003,ART-00075,128,0,9,119
2024-03-04,S-003,ART-00050,55,0,6,49
2024-03-04,S-003,ART-00079,160,63,27,196
2024-03-04,S-003,ART-00021,17,0,11,6
2024-03-04,S-003,ART-00049,184,0,25,159
2024-03-04,S-003,ART-00100,152,78,43,187
2024-03-04,S-003,ART-00048,163,0,18,145
2024-03-04,S-003,ART-00002,198,0,37,161
2024-03-04,S-003,ART-00030,88,0,15,73
2024-03-04,S-003,ART-00009,49,0,4,45
2024-03-04,S-003,ART-00003,11,100,6,105
2024-03-04,S-003,ART-00087,84,0,1,83
2024-03-04,S-003,ART-00063,44,79,49,74
2024-03-04,S-003,ART-00093,61,0,18,43
2024-03-04,S-003,ART-00051,154,0,32,122
2024-03-04,S-003,ART-00059,61,97,11,147
2024-03-04,S-003,ART-00097,171,91,34,228
2024-03-04,S-003,ART-00011,180,0,13,167
2024-03-04,S-003,ART-00026,111,0,46,65
2024-03-04,S-003,ART-00027,83,0,13,70
2024-03-04,S-003,ART-00062,133,0,8,125
2024-03-04,S-004,ART-00058,197,0,12,185
2024-03-04,S-004,ART-00020,173,0,35,138
2024-03-04,S-004,ART-00067,84,0,18,66
2024-03-04,S-004,ART-00083,162,0,15,151
2024-03-04,S-004,ART-00081,47,40,47,40
2024-03-04,S-004,ART-00010,182,0,1,181
2024-03-04,S-004,ART-00059,72,93,49,116
2024-03-04,S-004,ART-00085,65,78,20,123
2024-03-04,S-004,ART-00043,101,0,36,65
2024-03-04,S-004,ART-00088,187,77,41,223
2024-03-04,S-004,ART-00087,25,97,44,78
2024-03-04,S-004,ART-00082,131,23,25,129
2024-03-04,S-004,ART-00014,181,0,50,131
2024-03-04,S-004,ART-00073,161,0,49,102
2024-03-04,S-004,ART-00075,140,0,6,134
2024-03-04,S-004,ART-00044,140,0,44,96
2024-03-04,S-004,ART-00019,65,0,50,15
2024-03-04,S-004,ART-00071,123,0,41,82
2024-03-04,S-004,ART-00013,27,0,17,10
2024-03-04,S-004,ART-00050,136,81,21,196
2024-03-04,S-004,ART-00068,126,0,27,99
2024-03-04,S-004,ART-00078,37,98,23,112
2024-03-04,S-004,ART-00042,98,0,15,83
2024-03-04,S-004,ART-00024,120,0,21,99
2024-03-04,S-004,ART-00048,157,25,47,135
2024-03-04,S-004,ART-00089,161,0,12,149
2024-03-04,S-004,ART-00006,181,0,12,169
2024-03-04,S-004,ART-00038,161,0,14,147
2024-03-04,S-004,ART-00015,82,0,15,67
2024-03-04,S-004,ART-00066,123,0,25,98
2024-03-04,S-004,ART-00098,83,89,2,170
2024-03-04,S-004,ART-00036,151,100,41,210
2024-03-04,S-004,ART-00029,125,0,7,118
2024-03-04,S-004,ART-00032,152,0,23,129
2024-03-04,S-004,ART-00017,67,0,13,54
2024-03-04,S-004,ART-00026,55,78,39,94
2024-03-04,S-004,ART-00070,181,0,27,154
2024-03-04,S-004,ART-00072,128,58,21,165
2024-03-04,S-004,ART-00074,119,85,33,171
2024-03-04,S-004,ART-00080,82,0,2,80
2024-03-04,S-004,ART-00051,69,0,35,34
2024-03-04,S-004,ART-00060,173,0,6,167
2024-03-04,S-004,ART-00086,31,0,5,26
2024-03-04,S-004,ART-00034,105,0,8,97
2024-03-04,S-004,ART-00007,100,0,14,86
2024-03-04,S-004,ART-00092,186,0,49,137
2024-03-04,S-004,ART-00090,52,80,41,91
2024-03-04,S-004,ART-00047,19,0,17,2
2024-03-04,S-004,ART-00027,180,0,3,177
2024-03-04,S-004,ART-00028,87,85,31,141
2024-03-04,S-004,ART-00025,46,78,33,91
2024-03-04,S-004,ART-00095,153,35,47,141
2024-03-04,S-005,ART-00093,176,0,24,152
2024-03-04,S-005,ART-00088,173,99,41,231
2024-03-04,S-005,ART-00042,156,0,9,147
2024-03-04,S-005,ART-00009,39,0,11,28
2024-03-04,S-005,ART-00035,155,0,18,137
2024-03-04,S-005,ART-00036,130,0,10,120
2024-03-04,S-005,ART-00069,75,0,15,60
2024-03-04,S-005,ART-00051,199,50,31,218
2024-03-04,S-005,ART-00058,110,0,18,92
2024-03-04,S-005,ART-00083,195,0,21,168
2024-03-04,S-005,ART-00070,42,0,1,41
2024-03-04,S-005,ART-00077,76,0,42,34
2024-03-04,S-005,ART-00072,86,0,30,56
2024-03-04,S-005,ART-00066,115,0,0,115
2024-03-04,S-005,ART-00060,181,0,36,145
2024-03-04,S-005,ART-00037,32,27,12,47
2024-03-04,S-005,ART-00023,18,57,40,35
2024-03-04,S-005,ART-00029,126,0,39,87
2024-03-04,S-005,ART-00079,21,0,9,12
2024-03-04,S-005,ART-00076,166,98,22,242
2024-03-04,S-005,ART-00022,116,32,39,109
2024-03-04,S-005,ART-00099,12,0,0,12
2024-03-04,S-005,ART-00098,79,0,20,49
2024-03-04,S-005,ART-00026,31,0,19,12
2024-03-04,S-005,ART-00019,82,97,28,151
2024-03-04,S-005,ART-00071,118,88,33,173
2024-03-04,S-005,ART-00016,113,65,49,129
2024-03-04,S-005,ART-00085,53,0,17,36
2024-03-04,S-005,ART-00065,193,99,41,251
2024-03-04,S-005,ART-00056,176,0,19,157
2024-03-04,S-005,ART-00095,76,0,36,40
2024-03-04,S-005,ART-00041,77,0,23,54
2024-03-04,S-005,ART-00007,15,0,2,13
2024-03-04,S-005,ART-00005,28,0,6,22
2024-03-04,S-005,ART-00059,50,0,20,30
2024-03-04,S-005,ART-00053,191,0,21,170
2024-03-04,S-005,ART-00067,81,94,3,172
2024-03-04,S-005,ART-00011,46,25,28,43
2024-03-04,S-005,ART-00001,192,38,21,209
2024-03-04,S-005,ART-00015,131,0,20,111
2024-03-04,S-005,ART-00034,157,0,43,114
2024-03-04,S-005,ART-00082,200,91,13,278
2024-03-04,S-005,ART-00013,185,68,25,228
2024-03-04,S-005,ART-00018,76,23,48,51
2024-03-04,S-005,ART-00092,144,0,42,102
2024-03-04,S-005,ART-00045,162,97,2,257
2024-03-04,S-005,ART-00084,166,71,34,203
2024-03-04,S-005,ART-00064,140,0,37,103
2024-03-04,S-005,ART-00074,47,46,16,77
2024-03-04,S-005,ART-00080,67,0,33,34
2024-03-04,S-005,ART-00073,70,0,48,22
2024-03-04,S-005,ART-00038,175,0,29,146
2024-03-04,S-005,ART-00050,177,71,10,238
2024-03-04,S-005,ART-00039,125,0,35,90
2024-03-04,S-005,ART-00075,151,82,48,185
2024-03-04,S-005,ART-00021,81,83,44,120
2024-03-04,S-005,ART-00047,194,47,39,202
2024-03-04,S-005,ART-00017,35,49,14,70
2024-03-04,S-005,ART-00032,18,0,11,7
2024-03-04,S-005,ART-00025,161,0,14,147
2024-03-04,S-005,ART-00043,77,62,18,121
2024-03-04,S-005,ART-00044,123,0,45,78
2024-03-04,S-005,ART-00008,169,0,43,126
2024-03-04,S-005,ART-00010,157,0,40,117
2024-03-04,S-005,ART-00086,126,0,26,100
2024-03-04,S-005,ART-00006,157,68,19,206
2024-03-04,S-005,ART-00040,63,53,44,72
2024-03-04,S-005,ART-00100,74,47,35,86
2024-03-11,S-001,ART-00032,144,92,40,196
2024-03-11,S-001,ART-00006,91,41,41,91
2024-03-11,S-001,ART-00068,58,0,48,10
2024-03-11,S-001,ART-00072,168,95,34,229
2024-03-11,S-001,ART-00002,199,85,10,274
2024-03-11,S-001,ART-00093,109,0,34,75
2024-03-11,S-001,ART-00051,155,40,40,155
2024-03-11,S-001,ART-00027,83,0,21,62
2024-03-11,S-001,ART-00021,183,71,0,254
2024-03-11,S-001,ART-00067,157,72,22,207
2024-03-11,S-001,ART-00035,80,54,36,98
2024-03-11,S-001,ART-00001,62,93,24,131
2024-03-11,S-001,ART-00070,180,0,14,166
2024-03-11,S-001,ART-00040,115,28,22,121
2024-03-11,S-001,ART-00069,161,90,43,208
2024-03-11,S-001,ART-00100,198,0,48,150
2024-03-11,S-001,ART-00007,82,26,28,80
2024-03-11,S-001,ART-00041,83,69,1,151
2024-03-11,S-001,ART-00033,64,0,25,39
2024-03-11,S-001,ART-00016,131,20,23,128
2024-03-11,S-001,ART-00025,164,88,23,229
2024-03-11,S-001,ART-00098,151,0,29,122
2024-03-11,S-001,ART-00036,81,21,9,93
2024-03-11,S-001,ART-00049,46,43,20,69
2024-03-11,S-001,ART-00017,49,39,12,76
2024-03-11,S-001,ART-00010,157,0,14,143
2024-03-11,S-001,ART-00091,114,29,25,118
2024-03-11,S-001,ART-00078,32,0,19,13
2024-03-11,S-001,ART-00047,15,0,14,1
2024-03-11,S-001,ART-00038,77,0,34,43
2024-03-11,S-001,ART-00071,182,0,37,145
2024-03-11,S-001,ART-00090,96,0,38,58
2024-03-11,S-001,ART-00034,147,0,42,105
2024-03-11,S-001,ART-00096,183,0,33,150
2024-03-11,S-001,ART-00012,117,57,21,153
2024-03-11,S-001,ART-00014,122,30,14,138
2024-03-11,S-001,ART-00039,66,0,4,62
2024-03-11,S-001,ART-00022,46,0,16,30
2024-03-11,S-001,ART-00023,142,60,29,173
2024-03-11,S-001,ART-00095,33,0,7,26
2024-03-11,S-001,ART-00065,132,0,23,104
2024-03-11,S-001,ART-00044,94,0,37,57
2024-03-11,S-001,ART-00079,44,78,35,87
2024-03-11,S-001,ART-00005,62,0,12,50
2024-03-11,S-001,ART-00053,139,0,24,115
2024-03-11,S-001,ART-00058,169,0,40,129
2024-03-11,S-001,ART-00097,181,0,41,140
2024-03-11,S-001,ART-00018,159,91,14,236
2024-03-11,S-001,ART-00075,175,0,28,147
2024-03-11,S-001,ART-00061,160,0,8,152
2024-03-11,S-001,ART-00092,18,0,13,5
2024-03-11,S-001,ART-00030,159,34,0,193
2024-03-11,S-001,ART-00008,194,0,19,175
2024-03-11,S-001,ART-00082,144,36,47,133
2024-03-11,S-001,ART-00083,26,0,10,16
2024-03-11,S-001,ART-00015,27,0,11,16
2024-03-11,S-001,ART-00087,166,69,40,195
2024-03-11,S-001,ART-00031,172,0,34,138
2024-03-11,S-001,ART-00086,109,0,49,60
2024-03-11,S-001,ART-00042,179,0,39,140
2024-03-11,S-001,ART-00073,74,0,3,71
2024-03-11,S-001,ART-00057,36,0,31,5
2024-03-11,S-001,ART-00080,13,66,14,65
2024-03-11,S-001,ART-00059,25,0,9,16
2024-03-11,S-001,ART-00013,41,0,33,8
2024-03-11,S-001,ART-00009,29,68,25,72
2024-03-11,S-001,ART-00003,16,73,44,45
2024-03-11,S-001,ART-00089,69,0,33,36
2024-03-11,S-001,ART-00060,129,78,27,180
2024-03-11,S-001,ART-00088,171,42,13,200
2024-03-11,S-001,ART-00028,69,0,41,28
2024-03-11,S-001,ART-00064,169,0,9,160
2024-03-11,S-002,ART-00057,103,97,14,186
2024-03-11,S-002,ART-00064,88,0,9,79
2024-03-11,S-002,ART-00090,153,81,4,230
2024-03-11,S-002,ART-00011,47,0,28,19
2024-03-11,S-002,ART-00094,188,0,5,183
2024-03-11,S-002,ART-00053,93,0,44,49
2024-03-11,S-002,ART-00050,25,79,35,69
2024-03-11,S-002,ART-00007,47,0,36,11
2024-03-11,S-002,ART-00076,89,0,15,74
2024-03-11,S-002,ART-00040,135,0,14,121
2024-03-11,S-002,ART-00029,165,0,9,156
2024-03-11,S-002,ART-00045,177,0,16,161
2024-03-11,S-002,ART-00059,131,0,6,125
2024-03-11,S-002,ART-00038,138,71,28,176
2024-03-11,S-002,ART-00054,181,0,40,141
2024-03-11,S-002,ART-00060,111,0,22,89
2024-03-11,S-002,ART-00006,85,32,40,77
2024-03-11,S-002,ART-00023,65,0,4,61
2024-03-11,S-002,ART-00100,64,0,5,59
2024-03-11,S-002,ART-00049,17,0,1,16
2024-03-11,S-002,ART-00021,138,0,0,138
2024-03-11,S-002,ART-00001,112,71,16,167
2024-03-11,S-002,ART-00097,62,21,26,57
2024-03-11,S-002,ART-00089,35,85,44,76
2024-03-11,S-002,ART-00091,163,73,9,227
2024-03-11,S-002,ART-00046,32,52,12,72
2024-03-11,S-002,ART-00066,72,61,1,132
2024-03-11,S-002,ART-00014,15,0,8,7
2024-03-11,S-002,ART-00039,62,0,27,35
2024-03-11,S-002,ART-00056,23,98,29,92
2024-03-11,S-002,ART-00043,29,72,3,98
2024-03-11,S-002,ART-00098,31,42,34,39
2024-03-11,S-002,ART-00009,130,0,17,113
2024-03-11,S-002,ART-00003,140,47,3,184
2024-03-11,S-002,ART-00048,34,0,9,27
2024-03-11,S-002,ART-00047,144,54,31,167
2024-03-11,S-002,ART-00075,25,0,16,9
2024-03-11,S-002,ART-00004,191,43,34,200
2024-03-11,S-002,ART-00079,200,0,29,171
2024-03-11,S-002,ART-00028,36,0,17,19
2024-03-11,S-002,ART-00099,36,0,3,33
2024-03-11,S-002,ART-00036,85,49,49,85
2024-03-11,S-002,ART-00042,31,37,48,20
2024-03-11,S-002,ART-00084,189,0,23,166
2024-03-11,S-002,ART-00033,171,55,46,180
2024-03-11,S-002,ART-00068,31,68,8,91
2024-03-11,S-002,ART-00015,85,49,45,89
2024-03-11,S-002,ART-00088,76,51,14,113
2024-03-11,S-002,ART-00081,81,0,38,43
2024-03-11,S-002,ART-00071,51,41,21,77
2024-03-11,S-002,ART-00010,111,0,45,66
2024-03-11,S-002,ART-00025,136,0,33,103
2024-03-11,S-002,ART-00074,84,23,48,59
2024-03-11,S-002,ART-00034,144,0,25,119
2024-03-11,S-002,ART-00077,51,0,8,43
2024-03-11,S-002,ART-00095,144,0,27,117
2024-03-11,S-002,ART-00002,152,0,50,102
2024-03-11,S-002,ART-00052,63,81,42,102
2024-03-11,S-002,ART-00058,54,55,44,65
2024-03-11,S-002,ART-00035,86,82,48,120
2024-03-11,S-002,ART-00037,92,0,45,47
2024-03-11,S-002,ART-00093,91,0,11,80
2024-03-11,S-002,ART-00067,138,0,2,136
2024-03-11,S-002,ART-00072,181,0,22,159
2024-03-11,S-002,ART-00022,98,28,4,122
2024-03-11,S-002,ART-00012,59,0,14,45
2024-03-11,S-002,ART-00096,184,0,48,136
2024-03-11,S-002,ART-00030,185,0,28,157
2024-03-11,S-002,ART-00082,192,0,21,171
2024-03-11,S-002,ART-00013,64,0,18,46
2024-03-11,S-002,ART-00070,176,0,10,166
2024-03-11,S-002,ART-00092,179,73,21,231
2024-03-11,S-003,ART-00095,37,63,2,98
2024-03-11,S-003,ART-00048,88,0,25,63
2024-03-11,S-003,ART-00013,165,69,40,194
2024-03-11,S-003,ART-00049,28,0,20,8
2024-03-11,S-003,ART-00062,200,0,3,197
2024-03-11,S-003,ART-00051,41,68,10,99
2024-03-11,S-003,ART-00071,198,0,46,152
2024-03-11,S-003,ART-00060,134,0,24,110
2024-03-11,S-003,ART-00037,125,97,33,189
2024-03-11,S-003,ART-00077,132,0,2,130
2024-03-11,S-003,ART-00068,76,89,19,146
2024-03-11,S-003,ART-00006,120,55,9,166
2024-03-11,S-003,ART-00074,68,41,25,84
2024-03-11,S-003,ART-00083,24,0,21,3
2024-03-11,S-003,ART-00076,46,0,14,32
2024-03-11,S-003,ART-00028,56,0,24,32
2024-03-11,S-003,ART-00092,171,0,26,145
2024-03-11,S-003,ART-00079,152,35,8,179
2024-03-11,S-003,ART-00098,90,0,38,52
2024-03-11,S-003,ART-00055,73,0,36,37
2024-03-11,S-003,ART-00005,130,0,6,124
2024-03-11,S-003,ART-00063,200,48,19,229
2024-03-11,S-003,ART-00088,77,89,4,162
2024-03-11,S-003,ART-00067,174,58,28,204
2024-03-11,S-003,ART-00097,25,0,22,3
2024-03-11,S-003,ART-00054,37,57,38,56
2024-03-11,S-003,ART-00090,93,0,28,65
2024-03-11,S-003,ART-00017,111,0,17,94
2024-03-11,S-003,ART-00045,35,0,34,1
2024-03-11,S-003,ART-00014,198,66,28,236
2024-03-11,S-003,ART-00053,108,22,42,88
2024-03-11,S-003,ART-00016,196,0,50,146
2024-03-11,S-003,ART-00057,35,0,7,28
2024-03-11,S-003,ART-00036,87,0,9,78
2024-03-11,S-003,ART-00050,44,0,18,26
2024-03-11,S-003,ART-00089,82,49,33,98
2024-03-11,S-003,ART-00008,120,0,3,117
2024-03-11,S-003,ART-00093,97,0,33,64
2024-03-11,S-003,ART-00032,19,0,3,16
2024-03-11,S-003,ART-00085,13,57,39,31
2024-03-11,S-003,ART-00018,26,0,11,15
2024-03-11,S-003,ART-00043,126,72,35,163
2024-03-11,S-003,ART-00052,124,84,49,159
2024-03-11,S-003,ART-00001,100,65,17,148
2024-03-11,S-003,ART-00069,101,43,9,135
2024-03-11,S-003,ART-00035,195,0,48,147
2024-03-11,S-003,ART-00086,35,45,39,41
2024-03-11,S-003,ART-00012,134,0,37,97
2024-03-11,S-003,ART-00091,69,0,15,54
2024-03-11,S-003,ART-00009,88,87,50,125
2024-03-11,S-003,ART-00030,165,0,16,149
2024-03-11,S-003,ART-00078,132,41,44,129
2024-03-11,S-003,ART-00094,143,0,38,105
2024-03-11,S-003,ART-00042,16,0,9,7
2024-03-11,S-003,ART-00038,121,100,19,202
2024-03-11,S-003,ART-00019,82,92,41,133
2024-03-11,S-003,ART-00002,120,0,39,81
2024-03-11,S-003,ART-00033,17,96,47,66
2024-03-11,S-003,ART-00099,143,0,35,108
2024-03-11,S-003,ART-00058,165,0,48,108
2024-03-11,S-003,ART-00044,164,0,48,116
2024-03-11,S-003,ART-00025,139,0,22,117
2024-03-11,S-003,ART-00039,73,0,7,66
2024-03-11,S-003,ART-00082,30,0,30,7
2024-03-11,S-003,ART-00020,99,0,50,49
2024-03-11,S-003,ART-00003,106,22,2,126
2024-03-11,S-003,ART-00059,55,0,48,7
2024-03-11,S-003,ART-00026,125,47,26,146
2024-03-11,S-003,ART-00015,115,57,42,130
2024-03-11,S-003,ART-00046,74,52,43,83
2024-03-11,S-003,ART-00047,155,0,9,146
2024-03-11,S-003,ART-00073,59,25,20,64
2024-03-11,S-003,ART-00070,115,0,23,92
2024-03-11,S-003,ART-00065,162,0,45,117
2024-03-11,S-004,ART-00073,188,0,36,152
2024-03-11,S-004,ART-00064,161,0,43,118
2024-03-11,S-004,ART-00079,105,0,1,104
2024-03-11,S-004,ART-00040,120,99,44,175
2024-03-11,S-004,ART-00056,176,0,24,152
2024-03-11,S-004,ART-00001,197,21,11,207
2024-03-11,S-004,ART-00044,98,0,4,94
2024-03-11,S-004,ART-00004,144,0,12,132
2024-03-11,S-004,ART-00008,73,0,37,36
2024-03-11,S-004,ART-00011,196,0,11,185
2024-03-11,S-004,ART-00016,149,89,26,212
2024-03-11,S-004,ART-00076,194,0,13,181
2024-03-11,S-004,ART-00078,159,94,46,207
2024-03-11,S-004,ART-00070,176,90,43,223
2024-03-11,S-004,ART-00013,123,0,36,87
2024-03-11,S-004,ART-00090,41,0,21,20
2024-03-11,S-004,ART-00046,117,0,1,116
2024-03-11,S-004,ART-00087,195,0,12,183
2024-03-11,S-004,ART-00092,187,0,40,147
2024-03-11,S-004,ART-00097,184,44,47,181
2024-03-11,S-004,ART-00043,175,93,31,237
2024-03-11,S-004,ART-00012,63,0,30,33
2024-03-11,S-004,ART-00034,151,0,9,142
2024-03-11,S-004,ART-00031,34,0,21,13
2024-03-11,S-004,ART-00099,106,0,23,83
2024-03-11,S-004,ART-00082,94,0,30,64
2024-03-11,S-004,ART-00035,62,54,21,95
2024-03-11,S-004,ART-00017,160,0,46,114
2024-03-11,S-004,ART-00014,186,69,39,216
2024-03-11,S-004,ART-00091,45,0,35,10
2024-03-11,S-004,ART-00047,54,31,3,82
2024-03-11,S-004,ART-00069,133,0,50,83
2024-03-11,S-004,ART-00077,49,89,31,107
2024-03-11,S-004,ART-00023,21,0,20,1
2024-03-11,S-004,ART-00007,70,37,35,72
2024-03-11,S-004,ART-00088,23,0,7,16
2024-03-11,S-004,ART-00006,15,68,30,53
2024-03-11,S-004,ART-00027,106,96,36,166
2024-03-11,S-004,ART-00005,34,41,18,57
2024-03-11,S-004,ART-00058,166,0,36,130
2024-03-11,S-004,ART-00085,149,0,30,119
2024-03-11,S-004,ART-00060,33,0,6,27
2024-03-11,S-004,ART-00026,125,90,36,179
2024-03-11,S-004,ART-00061,144,29,48,125
2024-03-11,S-004,ART-00010,60,95,23,132
2024-03-11,S-004,ART-00096,14,0,5,9
2024-03-11,S-004,ART-00029,79,0,45,34
2024-03-11,S-004,ART-00066,164,41,13,192
2024-03-11,S-004,ART-00063,73,0,27,46
2024-03-11,S-004,ART-00062,69,0,36,33
2024-03-11,S-004,ART-00050,139,87,21,205
2024-03-11,S-004,ART-00057,127,48,40,135
2024-03-11,S-004,ART-00098,175,0,35,140
2024-03-11,S-004,ART-00051,148,0,20,128
2024-03-11,S-004,ART-00020,137,71,3,205
2024-03-11,S-004,ART-00032,25,0,24,1
2024-03-11,S-004,ART-00068,180,20,35,165
2024-03-11,S-004,ART-00021,64,0,27,37
2024-03-11,S-004,ART-00100,172,0,36,136
2024-03-11,S-004,ART-00093,176,0,3,173
2024-03-11,S-004,ART-00094,94,0,34,60
2024-03-11,S-005,ART-00025,69,0,8,61
2024-03-11,S-005,ART-00068,148,0,8,140
2024-03-11,S-005,ART-00085,51,0,17,34
2024-03-11,S-005,ART-00002,149,0,44,105
2024-03-11,S-005,ART-00041,184,39,42,181
2024-03-11,S-005,ART-00027,15,0,2,13
2024-03-11,S-005,ART-00044,93,81,47,127
2024-03-11,S-005,ART-00009,87,0,49,38
2024-03-11,S-005,ART-00058,71,0,29,42
2024-03-11,S-005,ART-00071,158,0,8,150
2024-03-11,S-005,ART-00096,117,0,11,106
2024-03-11,S-005,ART-00036,56,0,46,10
2024-03-11,S-005,ART-00098,193,72,38,227
2024-03-11,S-005,ART-00094,44,0,19,25
2024-03-11,S-005,ART-00082,123,53,7,169
2024-03-11,S-005,ART-00010,100,0,49,51
2024-03-11,S-005,ART-00037,146,0,18,128
2024-03-11,S-005,ART-00014,25,0,11,14
2024-03-11,S-005,ART-00079,145,98,50,193
2024-03-11,S-005,ART-00050,101,0,35,66
2024-03-11,S-005,ART-00081,142,27,6,163
2024-03-11,S-005,ART-00013,190,91,36,245
2024-03-11,S-005,ART-00024,185,0,6,179
2024-03-11,S-005,ART-00077,155,52,36,171
2024-03-11,S-005,ART-00004,27,77,48,56
2024-03-11,S-005,ART-00008,126,52,20,158
2024-03-11,S-005,ART-00017,17,0,1,16
2024-03-11,S-005,ART-00087,92,0,16,76
2024-03-11,S-005,ART-00052,53,0,11,42
2024-03-11,S-005,ART-00046,197,0,26,171
2024-03-11,S-005,ART-00078,195,0,2,193
2024-03-11,S-005,ART-00005,80,0,46,34
2024-03-11,S-005,ART-00069,167,76,18,225
2024-03-11,S-005,ART-00038,93,34,30,97
2024-03-11,S-005,ART-00022,105,0,3,102
2024-03-11,S-005,ART-00031,88,43,34,97
2024-03-11,S-005,ART-00065,159,0,1,158
2024-03-11,S-005,ART-00057,152,0,22,130
2024-03-11,S-005,ART-00029,189,32,37,189
2024-03-11,S-005,ART-00006,148,0,25,123
2024-03-11,S-005,ART-00059,98,0,9,89
2024-03-11,S-005,ART-00015,145,30,8,167
2024-03-11,S-005,ART-00020,53,49,2,100
2024-03-11,S-005,ART-00011,87,0,32,55
2024-03-11,S-005,ART-00072,113,0,33,80
2024-03-11,S-005,ART-00035,55,0,10,45
2024-03-11,S-005,ART-00019,23,0,23,0
2024-03-11,S-005,ART-00018,62,40,43,59
2024-03-11,S-005,ART-00023,71,20,12,79
2024-03-11,S-005,ART-00016,73,29,18,84
2024-03-11,S-005,ART-00089,178,0,40,138
2024-03-11,S-005,ART-00075,159,0,11,148
2024-03-11,S-005,ART-00043,90,0,48,42
2024-03-11,S-005,ART-00066,125,0,9,116
2024-03-11,S-005,ART-00054,22,0,21,1
2024-03-11,S-005,ART-00045,100,0,28,72
2024-03-11,S-005,ART-00095,178,0,34,144
2024-03-11,S-005,ART-00032,48,0,39,9
2024-03-11,S-005,ART-00056,173,0,49,124
2024-03-11,S-005,ART-00026,180,0,14,166
2024-03-11,S-005,ART-00100,98,0,27,71
2024-03-11,S-005,ART-00064,49,89,8,130
2024-03-11,S-005,ART-00093,32,55,41,46
2024-03-11,S-005,ART-00061,47,0,46,1
2024-03-11,S-005,ART-00055,16,0,13,3
2024-03-11,S-005,ART-00042,66,0,29,37
2024-03-11,S-005,ART-00080,102,0,0,102
2024-03-11,S-005,ART-00070,74,0,41,33
2024-03-11,S-005,ART-00076,98,36,44,90
2024-03-11,S-005,ART-00034,133,55,8,180
2024-03-11,S-005,ART-00007,194,89,26,257
2024-03-11,S-005,ART-00074,166,0,40,126
2024-03-18,S-001,ART-00078,105,0,32,73
2024-03-18,S-001,ART-00094,112,25,18,119
2024-03-18,S-001,ART-00074,31,0,23,8
2024-03-18,S-001,ART-00006,31,0,8,23
2024-03-18,S-001,ART-00017,128,0,17,111
2024-03-18,S-001,ART-00023,183,21,7,197
2024-03-18,S-001,ART-00059,33,0,10,23
2024-03-18,S-001,ART-00032,36,45,14,67
2024-03-18,S-001,ART-00016,102,0,36,66
2024-03-18,S-001,ART-00051,44,58,46,56
2024-03-18,S-001,ART-00057,36,58,44,50
2024-03-18,S-001,ART-00037,181,0,25,156
2024-03-18,S-001,ART-00077,84,0,19,55
2024-03-18,S-001,ART-00045,172,33,12,193
2024-03-18,S-001,ART-00015,146,52,25,173
2024-03-18,S-001,ART-00066,135,56,49,142
2024-03-18,S-001,ART-00085,192,0,0,192
2024-03-18,S-001,ART-00091,168,70,40,198
2024-03-18,S-001,ART-00069,105,28,13,120
2024-03-18,S-001,ART-00038,179,0,9,170
2024-03-18,S-001,ART-00054,175,0,18,157
2024-03-18,S-001,ART-00003,36,0,36,0
2024-03-18,S-001,ART-00080,96,0,8,88
2024-03-18,S-001,ART-00049,46,0,22,24
2024-03-18,S-001,ART-00100,28,0,5,23
2024-03-18,S-001,ART-00008,20,0,0,20
2024-03-18,S-001,ART-00046,61,0,38,23
2024-03-18,S-001,ART-00022,193,0,49,144
2024-03-18,S-001,ART-00082,42,0,36,6
2024-03-18,S-001,ART-00087,66,92,12,146
2024-03-18,S-001,ART-00040,199,0,29,170
2024-03-18,S-001,ART-00029,69,0,32,37
2024-03-18,S-001,ART-00011,100,0,3,97
2024-03-18,S-001,ART-00093,117,0,44,73
2024-03-18,S-001,ART-00096,96,0,47,49
2024-03-18,S-001,ART-00026,111,70,26,155
2024-03-18,S-001,ART-00020,80,65,16,125
2024-03-18,S-001,ART-00050,95,48,47,96
2024-03-18,S-001,ART-00064,27,0,19,8
2024-03-18,S-001,ART-00058,116,36,24,128
2024-03-18,S-001,ART-00024,113,0,45,68
2024-03-18,S-001,ART-00061,87,0,1,86
2024-03-18,S-001,ART-00067,200,0,35,165
2024-03-18,S-001,ART-00090,158,0,32,126
2024-03-18,S-001,ART-00010,108,38,11,135
2024-03-18,S-001,ART-00063,83,0,50,33
2024-03-18,S-001,ART-00076,45,0,30,15
2024-03-18,S-001,ART-00068,40,0,40,0
2024-03-18,S-001,ART-00053,133,95,38,190
2024-03-18,S-001,ART-00025,84,79,41,122
2024-03-18,S-001,ART-00039,66,0,29,37
2024-03-18,S-001,ART-00047,38,0,22,16
2024-03-18,S-002,ART-00092,132,71,46,157
2024-03-18,S-002,ART-00090,36,29,40,25
2024-03-18,S-002,ART-00033,93,0,27,66
2024-03-18,S-002,ART-00028,195,24,23,196
2024-03-18,S-002,ART-00084,102,0,33,69
2024-03-18,S-002,ART-00096,102,0,12,90
2024-03-18,S-002,ART-00025,50,0,20,30
2024-03-18,S-002,ART-00049,89,100,29,160
2024-03-18,S-002,ART-00077,26,0,21,5
2024-03-18,S-002,ART-00046,63,0,21,42
2024-03-18,S-002,ART-00005,159,29,37,151
2024-03-18,S-002,ART-00012,143,0,18,125
2024-03-18,S-002,ART-00036,92,86,41,137
2024-03-18,S-002,ART-00085,146,0,39,107
2024-03-18,S-002,ART-00021,131,79,44,166
2024-03-18,S-002,ART-00020,85,37,49,73
2024-03-18,S-002,ART-00089,120,44,25,139
2024-03-18,S-002,ART-00006,65,35,9,91
2024-03-18,S-002,ART-00003,142,0,42,100
2024-03-18,S-002,ART-00058,41,0,22,19
2024-03-18,S-002,ART-00088,149,0,36,113
2024-03-18,S-002,ART-00095,165,0,14,151
2024-03-18,S-002,ART-00097,41,97,45,93
2024-03-18,S-002,ART-00071,121,0,15,106
2024-03-18,S-002,ART-00022,62,72,25,109
2024-03-18,S-002,ART-00004,18,82,25,75
2024-03-18,S-002,ART-00045,191,34,1,224
2024-03-18,S-002,ART-00076,57,21,3,75
2024-03-18,S-002,ART-00098,162,0,26,136
2024-03-18,S-002,ART-00068,10,58,27,41
2024-03-18,S-002,ART-00080,138,0,22,116
2024-03-18,S-002,ART-00044,75,0,41,34
2024-03-18,S-002,ART-00047,144,48,21,171
2024-03-18,S-002,ART-00054,163,0,44,119
2024-03-18,S-002,ART-00082,194,38,6,226
2024-03-18,S-002,ART-00081,184,0,26,158
2024-03-18,S-002,ART-00094,122,0,26,96
2024-03-18,S-002,ART-00048,152,0,41,111
2024-03-18,S-002,ART-00016,57,0,32,25
2024-03-18,S-002,ART-00030,119,26,23,122
2024-03-18,S-002,ART-00008,139,0,27,112
2024-03-18,S-002,ART-00064,162,80,50,192
2024-03-18,S-002,ART-00063,74,0,13,61
2024-03-18,S-002,ART-00035,137,52,8,181
2024-03-18,S-002,ART-00069,147,33,48,132
2024-03-18,S-002,ART-00067,89,0,29,60
2024-03-18,S-002,ART-00040,130,68,32,166
2024-03-18,S-002,ART-00041,121,0,46,75
2024-03-18,S-002,ART-00051,47,85,0,132
2024-03-18,S-002,ART-00052,81,0,36,45
2024-03-18,S-002,ART-00002,120,0,27,93
2024-03-18,S-002,ART-00070,15,0,8,7
2024-03-18,S-002,ART-00017,186,42,34,194
2024-03-18,S-002,ART-00065,174,20,26,168
2024-03-18,S-002,ART-00014,157,69,36,190
2024-03-18,S-002,ART-00042,185,0,13,172
2024-03-18,S-002,ART-00026,197,0,36,161
2024-03-18,S-002,ART-00032,11,0,3,8
2024-03-18,S-002,ART-00078,48,0,20,28
2024-03-18,S-002,ART-00019,168,0,7,161
2024-03-18,S-002,ART-00057,10,60,29,41
2024-03-18,S-002,ART-00038,52,0,4,48
2024-03-18,S-003,ART-00023,54,78,28,104
2024-03-18,S-003,ART-00037,148,86,44,190
2024-03-18,S-003,ART-00024,90,0,40,50
2024-03-18,S-003,ART-00036,170,0,38,132
2024-03-18,S-003,ART-00095,48,67,13,102
2024-03-18,S-003,ART-00005,162,0,46,116
2024-03-18,S-003,ART-00052,146,73,46,173
2024-03-18,S-003,ART-00089,134,84,36,182
2024-03-18,S-003,ART-00051,140,0,23,117
2024-03-18,S-003,ART-00084,182,0,46,136
2024-03-18,S-003,ART-00079,189,0,44,145
2024-03-18,S-003,ART-00004,119,0,35,84
2024-03-18,S-003,ART-00058,17,0,10,7
2024-03-18,S-003,ART-00099,113,65,2,176
2024-03-18,S-003,ART-00010,31,58,41,48
2024-03-18,S-003,ART-00008,109,0,18,91
2024-03-18,S-003,ART-00097,156,0,35,121
2024-03-18,S-003,ART-00007,164,43,9,198
2024-03-18,S-003,ART-00078,20,0,6,14
2024-03-18,S-003,ART-00056,29,0,25,4
2024-03-18,S-003,ART-00015,104,0,40,64
2024-03-18,S-003,ART-00011,171,0,41,130
2024-03-18,S-003,ART-00001,104,0,24,80
2024-03-18,S-003,ART-00041,91,0,22,69
2024-03-18,S-003,ART-00076,161,73,5,229
2024-03-18,S-003,ART-00038,23,0,22,1
2024-03-18,S-003,ART-00012,82,0,41,41
2024-03-18,S-003,ART-00083,53,0,40,13
2024-03-18,S-003,ART-00075,137,67,1,203
2024-03-18,S-003,ART-00043,57,0,44,13
2024-03-18,S-003,ART-00009,48,23,24,47
2024-03-18,S-003,ART-00068,25,0,19,6
2024-03-18,S-003,ART-00063,194,0,48,146
2024-03-18,S-003,ART-00014,51,0,49,2
2024-03-18,S-003,ART-00045,104,50,42,112
2024-03-18,S-003,ART-00073,44,0,43,1
2024-03-18,S-003,ART-00062,23,0,9,14
2024-03-18,S-003,ART-00029,68,21,32,57
2024-03-18,S-003,ART-00072,24,0,15,9
2024-03-18,S-003,ART-00044,62,0,19,43
2024-03-18,S-003,ART-00054,18,35,25,28
2024-03-18,S-003,ART-00027,150,52,34,168
2024-03-18,S-003,ART-00085,98,0,26,72
2024-03-18,S-003,ART-00042,179,92,39,232
2024-03-18,S-003,ART-00057,109,0,47,62
2024-03-18,S-003,ART-00064,26,0,12,12
2024-03-18,S-003,ART-00066,12,0,5,7
2024-03-18,S-003,ART-00090,170,0,29,141
2024-03-18,S-003,ART-00091,181,0,27,154
2024-03-18,S-003,ART-00013,66,0,11,55
2024-03-18,S-003,ART-00077,106,76,2,180
2024-03-18,S-003,ART-00050,112,44,37,119
2024-03-18,S-003,ART-00088,104,44,5,143
2024-03-18,S-003,ART-00086,154,24,31,147
2024-03-18,S-003,ART-00067,129,0,38,91
2024-03-18,S-003,ART-00047,185,0,37,148
2024-03-18,S-003,ART-00031,37,0,14,23
2024-03-18,S-003,ART-00055,82,33,50,65
2024-03-18,S-003,ART-00021,132,0,27,105
2024-03-18,S-003,ART-00081,99,0,37,62
2024-03-18,S-003,ART-00006,191,0,12,179
2024-03-18,S-003,ART-00093,59,0,22,30
2024-03-18,S-003,ART-00053,96,0,1,95
2024-03-18,S-003,ART-00049,83,75,15,143
2024-03-18,S-003,ART-00080,39,0,20,19
2024-03-18,S-003,ART-00096,143,0,21,122
2024-03-18,S-003,ART-00020,109,0,30,79
2024-03-18,S-003,ART-00033,194,0,4,190
2024-03-18,S-003,ART-00071,71,91,27,135
2024-03-18,S-003,ART-00025,100,0,35,65
2024-03-18,S-003,ART-00028,181,33,12,202
2024-03-18,S-003,ART-00003,14,0,2,12
2024-03-18,S-003,ART-00048,46,0,21,25
2024-03-18,S-003,ART-00035,166,0,31,135
2024-03-18,S-003,ART-00022,47,52,45,64
2024-03-18,S-003,ART-00032,172,0,20,152
2024-03-18,S-003,ART-00065,76,67,34,109
2024-03-18,S-003,ART-00017,51,0,12,39
2024-03-18,S-004,ART-00026,128,0,18,110
2024-03-18,S-004,ART-00022,35,61,36,60
2024-03-18,S-004,ART-00037,103,0,15,88
2024-03-18,S-004,ART-00029,81,0,16,65
2024-03-18,S-004,ART-00091,43,0,38,5
2024-03-18,S-004,ART-00020,40,0,34,6
2024-03-18,S-004,ART-00067,170,0,25,145
2024-03-18,S-004,ART-00012,168,0,2,166
2024-03-18,S-004,ART-00017,104,0,2,102
2024-03-18,S-004,ART-00066,189,0,30,159
2024-03-18,S-004,ART-00082,10,0,6,4
2024-03-18,S-004,ART-00041,139,55,35,159
2024-03-18,S-004,ART-00007,183,77,8,252
2024-03-18,S-004,ART-00001,16,0,10,6
2024-03-18,S-004,ART-00090,174,0,6,168
2024-03-18,S-004,ART-00061,85,53,19,119
2024-03-18,S-004,ART-00078,104,0,38,66
2024-03-18,S-004,ART-00038,53,0,38,11
2024-03-18,S-004,ART-00074,58,0,42,16
2024-03-18,S-004,ART-00095,184,68,14,238
2024-03-18,S-004,ART-00025,115,89,26,178
2024-03-18,S-004,ART-00056,116,0,43,73
2024-03-18,S-004,ART-00027,79,0,33,46
2024-03-18,S-004,ART-00047,22,0,17,5
2024-03-18,S-004,ART-00070,49,0,25,24
2024-03-18,S-004,ART-00084,132,0,17,115
2024-03-18,S-004,ART-00057,200,0,48,152
2024-03-18,S-004,ART-00096,63,0,13,50
2024-03-18,S-004,ART-00073,192,74,38,228
2024-03-18,S-004,ART-00009,178,0,47,131
2024-03-18,S-004,ART-00036,159,0,14,145
2024-03-18,S-004,ART-00099,48,78,38,88
2024-03-18,S-004,ART-00010,63,0,47,8
2024-03-18,S-004,ART-00021,100,0,25,75
2024-03-18,S-004,ART-00062,151,0,23,128
2024-03-18,S-004,ART-00065,116,0,5,111
2024-03-18,S-004,ART-00039,74,0,28,46
2024-03-18,S-004,ART-00055,83,53,8,128
2024-03-18,S-004,ART-00075,130,0,29,108
2024-03-18,S-004,ART-00004,18,99,50,67
2024-03-18,S-004,ART-00030,188,57,3,242
2024-03-18,S-004,ART-00045,199,0,7,192
2024-03-18,S-004,ART-00035,33,0,2,31
2024-03-18,S-004,ART-00049,51,0,32,19
2024-03-18,S-004,ART-00018,101,62,31,132
2024-03-18,S-004,ART-00054,150,71,19,202
2024-03-18,S-004,ART-00097,162,0,3,159
2024-03-18,S-004,ART-00069,198,55,14,239
2024-03-18,S-004,ART-00032,164,0,17,147
2024-03-18,S-004,ART-00003,108,0,2,106
2024-03-18,S-004,ART-00015,90,0,32,58
2024-03-18,S-004,ART-00058,12,0,7,5
2024-03-18,S-004,ART-00023,187,0,45,142
2024-03-18,S-004,ART-00052,52,74,23,103
2024-03-18,S-004,ART-00072,16,0,15,1
2024-03-18,S-004,ART-00002,129,0,5,124
2024-03-18,S-004,ART-00080,104,0,14,90
2024-03-18,S-004,ART-00024,55,40,50,45
2024-03-18,S-004,ART-00050,28,0,13,15
2024-03-18,S-004,ART-00093,43,0,13,30
2024-03-18,S-005,ART-00019,162,0,23,139
2024-03-18,S-005,ART-00083,136,44,42,138
2024-03-18,S-005,ART-00014,137,0,26,111
2024-03-18,S-005,ART-00030,82,0,12,70
2024-03-18,S-005,ART-00020,187,63,2,248
2024-03-18,S-005,ART-00070,149,92,49,192
2024-03-18,S-005,ART-00042,122,0,41,81
2024-03-18,S-005,ART-00096,144,0,8,136
2024-03-18,S-005,ART-00047,143,0,15,128
2024-03-18,S-005,ART-00033,126,0,0,126
2024-03-18,S-005,ART-00043,89,20,38,71
2024-03-18,S-005,ART-00050,78,84,9,153
2024-03-18,S-005,ART-00015,132,0,31,101
2024-03-18,S-005,ART-00080,16,0,2,14
2024-03-18,S-005,ART-00006,18,0,5,13
2024-03-18,S-005,ART-00034,98,29,27,100
2024-03-18,S-005,ART-00031,161,0,11,150
2024-03-18,S-005,ART-00059,42,0,41,1
2024-03-18,S-005,ART-00040,150,86,21,215
2024-03-18,S-005,ART-00069,22,64,25,61
2024-03-18,S-005,ART-00052,153,99,25,227
2024-03-18,S-005,ART-00018,49,0,14,35
2024-03-18,S-005,ART-00065,145,0,42,103
2024-03-18,S-005,ART-00007,95,62,32,125
2024-03-18,S-005,ART-00066,10,72,28,54
2024-03-18,S-005,ART-00095,128,0,11,117
2024-03-18,S-005,ART-00078,188,57,8,237
2024-03-18,S-005,ART-00037,21,50,48,23
2024-03-18,S-005,ART-00098,174,74,33,215
2024-03-18,S-005,ART-00048,90,0,21,69
2024-03-18,S-005,ART-00091,49,0,16,33
2024-03-18,S-005,ART-00051,24,66,49,41
2024-03-18,S-005,ART-00041,177,54,4,227
2024-03-18,S-005,ART-00022,26,87,36,77
2024-03-18,S-005,ART-00053,74,0,35,39
2024-03-18,S-005,ART-00099,163,0,19,144
2024-03-18,S-005,ART-00056,195,0,14,181
2024-03-18,S-005,ART-00005,172,0,46,126
2024-03-18,S-005,ART-00038,24,83,1,106
2024-03-18,S-005,ART-00008,105,48,30,123
2024-03-18,S-005,ART-00024,61,0,46,15
2024-03-18,S-005,ART-00046,64,0,20,44
2024-03-18,S-005,ART-00061,39,0,15,24
2024-03-18,S-005,ART-00044,180,77,48,209
2024-03-18,S-005,ART-00026,179,66,16,229
2024-03-18,S-005,ART-00079,128,0,37,91
2024-03-18,S-005,ART-00023,52,0,27,25
2024-03-18,S-005,ART-00013,124,40,22,142
2024-03-18,S-005,ART-00010,173,33,17,189
2024-03-18,S-005,ART-00004,194,0,39,155
2024-03-18,S-005,ART-00017,85,47,15,117
2024-03-18,S-005,ART-00081,82,0,14,68
2024-03-18,S-005,ART-00088,148,64,33,179
2024-03-18,S-005,ART-00072,164,0,45,119
2024-03-18,S-005,ART-00100,158,0,7,151
2024-03-18,S-005,ART-00003,141,0,19,122
2024-03-18,S-005,ART-00071,162,36,27,171
2024-03-18,S-005,ART-00084,80,55,42,93
2024-03-18,S-005,ART-00027,55,0,29,26
2024-03-18,S-005,ART-00016,195,0,14,181
2024-03-18,S-005,ART-00075,172,96,41,227
2024-03-18,S-005,ART-00082,94,0,35,59
2024-03-18,S-005,ART-00092,87,32,3,116
2024-03-18,S-005,ART-00021,160,0,28,132
2024-03-18,S-005,ART-00064,167,0,9,158
2024-03-18,S-005,ART-00058,113,0,11,102
2024-03-18,S-005,ART-00009,48,82,10,120
2024-03-18,S-005,ART-00001,155,0,17,138
2024-03-18,S-005,ART-00062,27,0,17,10
2024-03-18,S-005,ART-00029,172,64,43,193
2024-03-18,S-005,ART-00085,98,42,23,121
2024-03-18,S-005,ART-00045,180,35,7,208
2024-03-18,S-005,ART-00055,98,0,1,97
2024-03-18,S-005,ART-00093,47,0,36,11
2024-03-18,S-005,ART-00094,75,31,47,59
2024-03-18,S-005,ART-00074,56,59,4,111
2024-03-25,S-001,ART-00035,107,0,30,77
2024-03-25,S-001,ART-00055,105,0,17,88
2024-03-25,S-001,ART-00053,189,0,22,167
2024-03-25,S-001,ART-00017,34,0,21,13
2024-03-25,S-001,ART-00068,35,0,9,26
2024-03-25,S-001,ART-00028,117,94,22,189
2024-03-25,S-001,ART-00038,186,0,27,159
2024-03-25,S-001,ART-00027,146,0,1,145
2024-03-25,S-001,ART-00021,129,0,36,93
2024-03-25,S-001,ART-00011,185,28,41,172
2024-03-25,S-001,ART-00082,93,0,10,83
2024-03-25,S-001,ART-00039,23,0,21,2
2024-03-25,S-001,ART-00091,155,0,45,110
2024-03-25,S-001,ART-00031,154,0,19,135
2024-03-25,S-001,ART-00003,78,0,7,71
2024-03-25,S-001,ART-00089,109,0,12,97
2024-03-25,S-001,ART-00043,174,0,13,161
2024-03-25,S-001,ART-00051,192,0,45,147
2024-03-25,S-001,ART-00048,79,53,25,107
2024-03-25,S-001,ART-00025,126,0,1,125
2024-03-25,S-001,ART-00030,14,0,8,6
2024-03-25,S-001,ART-00095,44,33,3,74
2024-03-25,S-001,ART-00019,184,0,24,160
2024-03-25,S-001,ART-00060,33,60,5,88
2024-03-25,S-001,ART-00085,182,33,32,183
2024-03-25,S-001,ART-00034,174,51,9,216
2024-03-25,S-001,ART-00010,138,0,9,129
2024-03-25,S-001,ART-00070,81,0,7,74
2024-03-25,S-001,ART-00084,85,0,42,43
2024-03-25,S-001,ART-00054,91,0,2,89
2024-03-25,S-001,ART-00050,172,84,29,227
2024-03-25,S-001,ART-00013,188,61,45,204
2024-03-25,S-001,ART-00094,36,0,22,14
2024-03-25,S-001,ART-00056,70,0,0,70
2024-03-25,S-001,ART-00069,189,0,13,176
2024-03-25,S-001,ART-00041,26,53,1,78
2024-03-25,S-001,ART-00071,90,0,1,89
2024-03-25,S-001,ART-00040,25,72,26,71
2024-03-25,S-001,ART-00014,86,79,20,145
2024-03-25,S-001,ART-00045,12,78,18,72
2024-03-25,S-001,ART-00073,146,0,5,141
2024-03-25,S-001,ART-00023,79,0,34,45
2024-03-25,S-001,ART-00012,15,94,27,82
2024-03-25,S-001,ART-00062,80,72,47,105
2024-03-25,S-001,ART-00083,31,0,13,18
2024-03-25,S-001,ART-00074,146,0,23,123
2024-03-25,S-001,ART-00064,51,0,1,50
2024-03-25,S-001,ART-00049,122,64,43,143
2024-03-25,S-001,ART-00076,176,70,43,203
2024-03-25,S-001,ART-00100,129,33,43,119
2024-03-25,S-001,ART-00046,134,92,22,204
2024-03-25,S-001,ART-00096,156,0,42,114
2024-03-25,S-001,ART-00033,197,0,4,193
2024-03-25,S-001,ART-00044,183,0,22,161
2024-03-25,S-001,ART-00005,65,0,27,38
2024-03-25,S-001,ART-00075,47,0,20,27
2024-03-25,S-001,ART-00077,136,76,19,193
2024-03-25,S-001,ART-00037,140,0,25,115
2024-03-25,S-001,ART-00047,159,0,11,148
2024-03-25,S-001,ART-00058,23,55,7,71
2024-03-25,S-001,ART-00009,105,0,39,66
2024-03-25,S-001,ART-00072,49,38,7,80
2024-03-25,S-001,ART-00090,35,91,6,120
2024-03-25,S-001,ART-00018,16,0,16,0
2024-03-25,S-001,ART-00079,116,45,47,110
2024-03-25,S-001,ART-00057,65,74,2,137
2024-03-25,S-001,ART-00052,22,47,7,62
2024-03-25,S-001,ART-00008,55,0,9,46
2024-03-25,S-001,ART-00036,123,46,0,169
2024-03-25,S-001,ART-00086,29,0,2,27
2024-03-25,S-001,ART-00001,138,0,35,103
2024-03-25,S-001,ART-00006,108,94,35,167
2024-03-25,S-001,ART-00080,34,80,12,102
2024-03-25,S-001,ART-00063,57,0,50,7
2024-03-25,S-001,ART-00002,86,0,27,59
2024-03-25,S-001,ART-00078,191,0,6,185
2024-03-25,S-001,ART-00065,196,0,16,180
2024-03-25,S-001,ART-00004,84,0,24,60
2024-03-25,S-001,ART-00026,32,0,5,27
2024-03-25,S-002,ART-00049,139,0,17,122
2024-03-25,S-002,ART-00014,81,95,31,145
2024-03-25,S-002,ART-00054,51,0,29,22
2024-03-25,S-002,ART-00013,189,0,45,144
2024-03-25,S-002,ART-00024,82,0,50,32
2024-03-25,S-002,ART-00034,194,0,26,168
2024-03-25,S-002,ART-00086,120,63,2,181
2024-03-25,S-002,ART-00029,157,72,5,224
2024-03-25,S-002,ART-00037,132,81,7,206
2024-03-25,S-002,ART-00098,86,0,17,69
2024-03-25,S-002,ART-00028,150,0,5,145
2024-03-25,S-002,ART-00030,17,82,40,59
2024-03-25,S-002,ART-00068,153,0,4,149
2024-03-25,S-002,ART-00099,46,79,4,121
2024-03-25,S-002,ART-00081,120,69,13,176
2024-03-25,S-002,ART-00039,37,0,17,20
2024-03-25,S-002,ART-00059,158,28,35,151
2024-03-25,S-002,ART-00085,140,0,22,118
2024-03-25,S-002,ART-00079,58,65,11,112
2024-03-25,S-002,ART-00053,28,34,45,17
2024-03-25,S-002,ART-00033,103,73,1,175
2024-03-25,S-002,ART-00025,124,45,38,131
2024-03-25,S-002,ART-00060,55,58,30,83
2024-03-25,S-002,ART-00070,82,57,43,96
2024-03-25,S-002,ART-00036,137,84,15,206
2024-03-25,S-002,ART-00080,60,0,34,26
2024-03-25,S-002,ART-00011,111,46,30,127
2024-03-25,S-002,ART-00046,32,34,5,61
2024-03-25,S-002,ART-00091,42,0,34,8
2024-03-25,S-002,ART-00050,164,0,28,136
2024-03-25,S-002,ART-00003,147,0,6,141
2024-03-25,S-002,ART-00038,113,65,29,149
2024-03-25,S-002,ART-00082,90,71,1,160
2024-03-25,S-002,ART-00057,48,0,14,34
2024-03-25,S-002,ART-00021,186,32,30,188
2024-03-25,S-002,ART-00007,190,0,11,179
2024-03-25,S-002,ART-00063,106,0,39,67
2024-03-25,S-002,ART-00083,104,91,0,195
2024-03-25,S-002,ART-00073,52,24,20,56
2024-03-25,S-002,ART-00089,91,0,17,74
2024-03-25,S-002,ART-00092,34,0,5,29
2024-03-25,S-002,ART-00020,37,26,1,62
2024-03-25,S-002,ART-00017,128,0,10,118
2024-03-25,S-002,ART-00026,174,0,33,141
2024-03-25,S-002,ART-00062,44,0,12,32
2024-03-25,S-002,ART-00084,99,0,38,61
2024-03-25,S-002,ART-00052,87,59,29,117
2024-03-25,S-002,ART-00018,47,62,22,87
2024-03-25,S-002,ART-00067,169,79,42,206
2024-03-25,S-002,ART-00004,133,0,44,89
2024-03-25,S-002,ART-00006,23,21,41,3
2024-03-25,S-002,ART-00055,47,35,3,79
2024-03-25,S-002,ART-00065,126,0,42,84
2024-03-25,S-002,ART-00016,107,0,14,93
2024-03-25,S-002,ART-00096,159,0,3,156
2024-03-25,S-002,ART-00032,51,86,16,121
2024-03-25,S-002,ART-00010,121,0,4,117
2024-03-25,S-002,ART-00002,22,93,7,108
2024-03-25,S-002,ART-00048,140,0,29,111
2024-03-25,S-002,ART-00001,55,47,0,102
2024-03-25,S-002,ART-00019,97,0,48,49
2024-03-25,S-003,ART-00038,82,58,22,118
2024-03-25,S-003,ART-00037,107,42,11,138
2024-03-25,S-003,ART-00071,52,100,40,112
2024-03-25,S-003,ART-00079,56,55,46,65
2024-03-25,S-003,ART-00100,34,41,27,48
2024-03-25,S-003,ART-00096,185,52,15,222
2024-03-25,S-003,ART-00008,45,33,38,40
2024-03-25,S-003,ART-00053,160,0,20,140
2024-03-25,S-003,ART-00059,78,0,34,44
2024-03-25,S-003,ART-00005,72,43,2,113
2024-03-25,S-003,ART-00048,124,20,7,137
2024-03-25,S-003,ART-00078,124,0,3,121
2024-03-25,S-003,ART-00087,178,88,2,264
2024-03-25,S-003,ART-00077,23,50,5,68
2024-03-25,S-003,ART-00033,198,0,9,189
2024-03-25,S-003,ART-00084,108,96,3,201
2024-03-25,S-003,ART-00014,139,62,10,191
2024-03-25,S-003,ART-00043,100,0,44,56
2024-03-25,S-003,ART-00089,196,0,8,188
2024-03-25,S-003,ART-00001,199,0,29,170
2024-03-25,S-003,ART-00011,78,0,38,32
2024-03-25,S-003,ART-00072,169,28,4,193
2024-03-25,S-003,ART-00052,12,90,8,94
2024-03-25,S-003,ART-00097,197,0,17,180
2024-03-25,S-003,ART-00065,102,0,22,80
2024-03-25,S-003,ART-00009,15,58,16,57
2024-03-25,S-003,ART-00095,161,0,4,157
2024-03-25,S-003,ART-00028,171,0,18,153
2024-03-25,S-003,ART-00024,28,94,0,122
2024-03-25,S-003,ART-00055,107,0,22,85
2024-03-25,S-003,ART-00004,162,0,38,124
2024-03-25,S-003,ART-00075,91,0,49,42
2024-03-25,S-003,ART-00098,97,0,22,75
2024-03-25,S-003,ART-00006,82,0,40,42
2024-03-25,S-003,ART-00091,137,0,1,136
2024-03-25,S-003,ART-00039,182,0,6,176
2024-03-25,S-003,ART-00003,91,0,17,74
2024-03-25,S-003,ART-00016,117,0,21,96
2024-03-25,S-003,ART-00046,82,68,26,124
2024-03-25,S-003,ART-00069,124,100,14,210
2024-03-25,S-003,ART-00083,49,0,36,13
2024-03-25,S-003,ART-00090,79,0,27,52
2024-03-25,S-003,ART-00050,200,0,22,178
2024-03-25,S-003,ART-00029,48,0,13,35
2024-03-25,S-003,ART-00057,118,0,31,87
2024-03-25,S-003,ART-00020,69,0,30,39
2024-03-25,S-003,ART-00022,171,78,14,235
2024-03-25,S-003,ART-00063,11,95,39,67
2024-03-25,S-003,ART-00068,64,0,19,45
2024-03-25,S-003,ART-00051,71,0,48,23
2024-03-25,S-003,ART-00088,64,57,6,115
2024-03-25,S-004,ART-00019,146,47,24,169
2024-03-25,S-004,ART-00054,138,0,21,117
2024-03-25,S-004,ART-00056,39,0,17,22
2024-03-25,S-004,ART-00087,113,0,4,109
2024-03-25,S-004,ART-00086,137,0,15,122
2024-03-25,S-004,ART-00060,171,68,41,198
2024-03-25,S-004,ART-00003,57,0,35,22
2024-03-25,S-004,ART-00039,82,0,46,36
2024-03-25,S-004,ART-00027,108,0,36,72
2024-03-25,S-004,ART-00051,192,94,40,246
2024-03-25,S-004,ART-00025,71,0,8,63
2024-03-25,S-004,ART-00035,145,21,34,132
2024-03-25,S-004,ART-00094,62,40,26,76
2024-03-25,S-004,ART-00062,177,0,2,175
2024-03-25,S-004,ART-00080,132,59,8,183
2024-03-25,S-004,ART-00098,70,63,38,95
2024-03-25,S-004,ART-00004,139,44,31,152
2024-03-25,S-004,ART-00048,125,63,3,185
2024-03-25,S-004,ART-00076,21,0,10,11
2024-03-25,S-004,ART-00031,164,0,33,131
2024-03-25,S-004,ART-00083,129,92,48,173
2024-03-25,S-004,ART-00023,85,0,34,51
2024-03-25,S-004,ART-00093,31,0,25,6
2024-03-25,S-004,ART-00013,138,25,0,163
2024-03-25,S-004,ART-00073,15,0,9,6
2024-03-25,S-004,ART-00009,184,0,36,148
2024-03-25,S-004,ART-00090,93,49,4,138
2024-03-25,S-004,ART-00034,14,65,31,48
2024-03-25,S-004,ART-00001,102,100,45,157
2024-03-25,S-004,ART-00085,114,0,3,111
2024-03-25,S-004,ART-00049,111,0,40,71
2024-03-25,S-004,ART-00052,109,0,49,60
2024-03-25,S-004,ART-00021,63,74,13,124
2024-03-25,S-004,ART-00038,96,30,26,100
2024-03-25,S-004,ART-00007,93,0,10,80
2024-03-25,S-004,ART-00067,53,37,38,52
2024-03-25,S-004,ART-00084,43,97,28,112
2024-03-25,S-004,ART-00033,128,44,32,140
2024-03-25,S-004,ART-00012,74,89,34,129
2024-03-25,S-004,ART-00089,185,0,31,154
2024-03-25,S-004,ART-00010,117,0,21,96
2024-03-25,S-004,ART-00041,74,0,8,66
2024-03-25,S-004,ART-00042,108,0,31,77
2024-03-25,S-004,ART-00097,109,0,41,68
2024-03-25,S-004,ART-00002,73,0,38,35
2024-03-25,S-004,ART-00006,165,0,4,161
2024-03-25,S-004,ART-00018,38,0,1,37
2024-03-25,S-004,ART-00066,100,66,25,141
2024-03-25,S-004,ART-00046,188,0,16,172
2024-03-25,S-004,ART-00028,100,0,3,97
2024-03-25,S-004,ART-00057,75,0,20,55
2024-03-25,S-004,ART-00058,193,0,26,167
2024-03-25,S-004,ART-00040,89,65,25,129
2024-03-25,S-004,ART-00037,129,40,25,144
2024-03-25,S-004,ART-00029,185,34,39,180
2024-03-25,S-004,ART-00095,101,0,1,100
2024-03-25,S-004,ART-00047,86,0,44,42
2024-03-25,S-004,ART-00032,193,0,23,170
2024-03-25,S-004,ART-00072,142,0,17,125
2024-03-25,S-004,ART-00050,119,0,19,100
2024-03-25,S-004,ART-00064,160,32,22,170
2024-03-25,S-004,ART-00088,154,0,41,113
2024-03-25,S-004,ART-00070,50,0,9,32
2024-03-25,S-004,ART-00079,14,0,11,3
2024-03-25,S-005,ART-00034,21,0,16,5
2024-03-25,S-005,ART-00099,150,0,40,110
2024-03-25,S-005,ART-00062,111,60,11,160
2024-03-25,S-005,ART-00036,189,0,43,146
2024-03-25,S-005,ART-00028,119,31,47,103
2024-03-25,S-005,ART-00004,189,0,19,170
2024-03-25,S-005,ART-00051,156,0,12,150
2024-03-25,S-005,ART-00003,187,0,7,180
2024-03-25,S-005,ART-00026,105,70,10,165
2024-03-25,S-005,ART-00057,24,22,29,17
2024-03-25,S-005,ART-00049,54,0,39,15
2024-03-25,S-005,ART-00098,99,0,32,67
2024-03-25,S-005,ART-00042,62,0,12,50
2024-03-25,S-005,ART-00090,80,88,9,159
2024-03-25,S-005,ART-00076,83,0,9,74
2024-03-25,S-005,ART-00022,72,84,27,129
2024-03-25,S-005,ART-00059,24,0,2,22
2024-03-25,S-005,ART-00061,186,0,50,136
2024-03-25,S-005,ART-00027,124,0,27,97
2024-03-25,S-005,ART-00029,124,90,3,211
2024-03-25,S-005,ART-00080,74,0,0,74
2024-03-25,S-005,ART-00020,199,0,32,167
2024-03-25,S-005,ART-00035,92,74,41,125
2024-03-25,S-005,ART-00086,53,0,36,17
2024-03-25,S-005,ART-00030,120,42,44,118
2024-03-25,S-005,ART-00043,164,0,45,119
2024-03-25,S-005,ART-00023,200,69,5,264
2024-03-25,S-005,ART-00084,27,87,29,85
2024-03-25,S-005,ART-00002,107,75,37,145
2024-03-25,S-005,ART-00083,129,89,11,207
2024-03-25,S-005,ART-00065,101,81,35,147
2024-03-25,S-005,ART-00085,137,79,43,173
2024-03-25,S-005,ART-00077,101,0,6,95
2024-03-25,S-005,ART-00073,35,68,23,80
2024-03-25,S-005,ART-00009,36,0,25,11
2024-03-25,S-005,ART-00087,107,0,43,64
2024-03-25,S-005,ART-00091,132,68,19,181
2024-03-25,S-005,ART-00097,170,65,50,185
2024-03-25,S-005,ART-00021,32,0,11,21
2024-03-25,S-005,ART-00046,44,0,1,43
2024-03-25,S-005,ART-00056,98,0,39,59
2024-03-25,S-005,ART-00079,25,0,19,6
2024-03-25,S-005,ART-00045,186,0,27,159
2024-03-25,S-005,ART-00041,162,0,18,144
2024-03-25,S-005,ART-00069,101,97,41,157
2024-03-25,S-005,ART-00053,16,66,3,79
2024-03-25,S-005,ART-00024,125,78,7,196
2024-03-25,S-005,ART-00055,196,52,28,220
2024-03-25,S-005,ART-00011,184,0,10,174
2024-03-25,S-005,ART-00007,80,38,40,78
2024-03-25,S-005,ART-00064,120,69,20,169
2024-03-25,S-005,ART-00037,93,63,42,114
2024-03-25,S-005,ART-00018,112,0,44,68
2024-03-25,S-005,ART-00072,177,91,28,240
2024-03-25,S-005,ART-00082,41,99,16,124
2024-03-25,S-005,ART-00067,44,91,46,89
2024-03-25,S-005,ART-00010,73,0,23,50
2024-03-25,S-005,ART-00019,75,56,35,96
2024-03-25,S-005,ART-00038,94,0,9,85
2024-03-25,S-005,ART-00063,11,40,22,29
2024-03-25,S-005,ART-00005,176,59,38,197
2024-03-25,S-005,ART-00001,38,0,22,16
2024-03-25,S-005,ART-00074,121,93,17,197
2024-03-25,S-005,ART-00040,111,86,40,157
2024-03-25,S-005,ART-00032,48,53,28,73
2024-03-25,S-005,ART-00058,63,23,9,77
2024-03-25,S-005,ART-00096,51,70,10,111
2024-03-25,S-005,ART-00017,148,0,21,127
2024-03-25,S-005,ART-00033,66,0,40,26
2024-03-25,S-005,ART-00095,32,100,7,125
2024-03-25,S-005,ART-00054,100,44,11,133
2024-03-25,S-005,ART-00008,15,0,12,0
2024-03-25,S-005,ART-00081,77,59,21,115
2024-03-25,S-005,ART-00092,136,62,39,159
2024-03-25,S-005,ART-00047,100,41,13,128
2024-03-25,S-005,ART-00012,114,39,9,144
2024-03-25,S-005,ART-00100,137,0,44,93
2024-03-25,S-005,ART-00089,148,71,30,189
2024-03-25,S-005,ART-00039,163,44,2,205
